,Ohio,Michigan,Pennsylvania,Indiana
count,91.0,103.0,212.0,824.0
mean,595.5729638897956,674.5319192113385,903.1438207547171,792.4443716598125
std,241.82037195856,362.42977422711795,638.8738956938817,579.6966788404121
min,305.3905390539054,308.03080308030803,314.03,301.76512033225794
25%,439.27392739273927,440.04400440044003,578.305,461.1590091593429
50%,528.0528052805281,539.0539053905391,687.385,584.52676728347
75%,719.2519251925193,848.7348734873488,934.25,968.0968096809681
max,1678.4378437843784,2589.7689768976898,4492.76,8037.475432936552
