,Ohio,Michigan,Wisconsin,Pennsylvania,Indiana
count,53.0,144.0,276.0,130.0,115.0
mean,2415.245283018868,2461.527777777778,2393.43115942029,1398.3579230769228,1529.5217391304348
std,1588.2468794925135,1333.8130992902957,1457.032637922368,1076.216680229488,1541.5985229955988
min,820.0,420.0,396.0,328.4,310.0
25%,1500.0,1347.5,1499.0,670.91,500.0
50%,2000.0,2225.0,1941.5,1215.245,760.0
75%,2800.0,3420.0,2812.25,1700.3625,1959.5
max,9800.0,7601.0,9979.0,7533.19,7040.0
