,Ohio,Michigan,Wisconsin,Pennsylvania,Indiana
count,53.0,144.0,284.0,136.0,119.0
mean,2415.245283018868,2461.527777777778,2619.771126760563,1445.7161764705882,1574.4117647058824
std,1588.2468794925135,1333.8130992902957,2074.6451645376283,1540.9182596087446,1738.8113873785644
min,820.0,420.0,238.0,113.92,300.0
25%,1500.0,1347.5,1500.0,631.0325,490.5
50%,2000.0,2225.0,1971.0,1194.415,750.0
75%,2800.0,3420.0,2941.0,1685.4875,1959.5
max,9800.0,7601.0,13569.0,14180.95,10560.0
