,Facilities,kgPin/year,Specific phosphorus flow (kg/year facility),Multiform kgPrec/year,Multiform EUR/kgPrec,Ostara Pearl 500 kgPrec/year,Ostara Pearl 500 EUR/kgPrec,Ostara Pearl 2K kgPrec/year,Ostara Pearl 2K EUR/kgPrec,Ostara Pearl 10K kgPrec/year,Ostara Pearl 10K EUR/kgPrec,EcoPhos kgPrec/year,EcoPhos EUR/kgPrec,AshDec depollution kgPrec/year,AshDec depollution EUR/kgPrec,AshDec Rhenania kgPrec/year,AshDec Rhenania EUR/kgPrec,PASCH kgPrec/year,PASCH EUR/kgPrec,LEACHPHOS kgPrec/year,LEACHPHOS EUR/kgPrec,RecoPhos kgPrec/year,RecoPhos EUR/kgPrec,Thermophos kgPrec/year,Thermophos EUR/kgPrec
Cattle,7,2222000.0,317.42857142857144,399960.0,31.868945715096352,177760.0,32.21187673614671,177760.0,22.596850255713967,177760.0,20.114096939170302,1577620.0,19.1,1644280.0,16.4,1644280.0,16.5,1510960.0,19.3,1488740.0,19.7,1666500.0,17.1,1555400.0,17.3
Swine,6,621000.0,103.5,111780.0,32.07577519160069,49680.0,34.17467296080817,49680.0,25.614171509305272,49680.0,31.751889531137536,440910.0,19.1,459540.0,16.4,459540.0,16.5,422280.00000000006,19.3,416070.0,19.7,465750.0,17.1,434700.0,17.3
Poultry,17,904000.0,53.1764705882353,162720.0,32.36403162718589,72320.0,33.46373968155599,72320.0,22.479204100971874,72320.0,26.695490485438505,641840.0,19.1,668960.0,16.4,668960.0,16.5,614720.0,19.3,605680.0,19.7,678000.0,17.1,632800.0,17.3
