Parameters,Ohio,Michigan,Wisconsin,Mean
mean,2415.245283018868,2461.527777777778,2393.43115942029,2423.4014067389785
std,1588.2468794925135,1333.8130992902957,1457.032637922368,1459.6975389017255
a,820.0,420.0,396.0,545.3333333333334
b,9800.0,7601.0,9979.0,9126.666666666666
